4449,15,180,glatt
134503,15,0,glatt
134557,15,180,glatt
134611,15,0,glatt
134666,15,180,glatt
134719,15,0,glatt
134773,15,180,glatt
134828,14,0,glatt
134881,14,180,glatt
134935,13,0,glatt
134988,11,180,welle
135043,10,0,glatt
135096,9,180,glatt
135149,8,0,glatt
135202,7,180,glatt
135257,6,0,glatt
135310,5,180,glatt
135363,5,0,glatt
135416,5,180,glatt
135470,5,0,glatt
135524,5,180,glatt
135577,6,0,glatt
135630,6,180,glatt
135685,8,0,welle
135738,8,180,glatt
135792,9,0,glatt
135845,9,180,glatt
135899,9,0,glatt
135953,9,180,glatt
136006,9,0,glatt
136060,10,180,glatt
136115,11,0,glatt
136168,11,180,glatt
136222,11,0,glatt
136275,11,180,glatt
136330,11,0,glatt
136383,11,180,glatt
136437,11,0,glatt
136492,11,180,glatt
136545,11,0,glatt
136599,11,180,glatt
136652,11,0,glatt
136707,11,180,glatt
136760,10,0,glatt
136815,14,180,welle
136868,13,0,glatt
136923,12,180,glatt
136976,11,0,glatt
137029,11,180,glatt
137082,6,0,schlagloch
137137,6,180,glatt
137190,5,0,glatt
137243,5,180,glatt
137296,4,0,glatt
137350,4,180,glatt
137403,4,0,glatt
137457,4,180,glatt
137510,5,0,glatt
137564,5,180,glatt
137617,6,0,glatt
137671,7,180,glatt
137724,8,0,glatt
137779,10,180,welle
137832,10,0,glatt
137886,10,180,glatt
137939,10,0,glatt
137994,10,180,glatt
138047,10,0,glatt
138101,10,180,glatt
138156,11,0,glatt
138209,11,180,glatt
138263,11,0,glatt
138316,10,180,glatt
138371,10,0,glatt
138424,9,180,glatt
138477,9,0,glatt
138530,8,180,glatt
138585,7,0,glatt
138638,6,180,glatt
138691,6,0,glatt
138744,5,180,glatt
138798,4,0,glatt
138851,4,173,glatt
138904,3,0,glatt
138957,3,153,glatt
139011,3,0,glatt
139064,3,131,glatt
139118,3,0,glatt
139171,3,108,glatt
139225,3,0,glatt
139278,4,102,glatt
139331,4,0,glatt
139385,7,150,welle
139439,7,0,glatt
139493,8,180,glatt
139546,9,0,glatt
139602,18,180,schlagloch
139657,19,0,glatt
139711,20,180,glatt
139811,30,28,schlagloch
139866,30,180,glatt
139919,30,0,glatt
139973,30,180,glatt
140026,30,0,glatt
140081,12,159,schlagloch
140135,13,0,glatt
140188,12,180,glatt
140242,12,0,glatt
140296,11,180,glatt
140350,9,0,welle
140403,7,180,welle
140456,7,0,glatt
140510,6,180,glatt
140563,6,0,glatt
140617,6,180,glatt
140670,6,0,glatt
140724,5,173,glatt
140777,5,0,glatt
140830,5,171,glatt
140884,5,0,glatt
140938,5,168,glatt
140991,5,0,glatt
141044,5,163,glatt
141097,5,0,glatt
141152,6,175,glatt
141205,6,0,glatt
141258,6,180,glatt
141313,7,0,glatt
141366,8,180,glatt
141420,8,0,glatt
141473,9,180,glatt
141528,9,0,glatt
141581,10,180,glatt
141635,10,0,glatt
141688,11,180,glatt
141743,12,0,glatt
141797,13,180,glatt
141850,12,0,glatt
141904,12,180,glatt
141959,12,0,glatt
142012,11,180,glatt
142066,10,0,glatt
142119,10,180,glatt
142173,9,0,glatt
142227,9,180,glatt
142280,8,0,glatt
142333,7,180,glatt
142387,7,0,glatt
142441,6,169,glatt
142494,5,0,glatt
142547,5,151,glatt
142601,5,0,glatt
142654,5,132,glatt
142708,5,0,glatt
142761,5,112,glatt
142815,5,0,glatt
142868,4,70,glatt
142921,4,0,glatt
142974,5,56,glatt
143029,6,0,glatt
143082,6,47,glatt
143135,7,0,glatt
143190,8,70,glatt
143243,9,0,glatt
143297,9,101,glatt
143350,10,0,glatt
143405,10,144,glatt
143459,11,0,glatt
143512,11,180,glatt
143566,11,0,glatt
143620,12,180,glatt
143674,12,0,glatt
143728,12,180,glatt
143781,12,0,glatt
143836,12,180,glatt
143889,12,0,glatt
143943,11,180,glatt
143996,10,0,glatt
144051,10,180,glatt
144104,8,0,welle
144157,7,175,glatt
144210,6,0,glatt
144266,11,180,schlagloch
144319,10,0,glatt
144372,10,180,glatt
144427,9,0,glatt
144480,9,180,glatt
144533,3,0,schlagloch
144586,3,125,glatt
144640,3,0,glatt
144693,3,69,glatt
144746,3,0,glatt
144799,4,30,glatt
144854,5,0,glatt
144907,6,17,glatt
144960,7,0,glatt
145014,8,31,glatt
145068,9,0,glatt
145122,9,53,glatt
145175,10,0,glatt
145229,10,88,glatt
145283,11,0,glatt
145337,11,135,glatt
145391,11,0,glatt
145444,11,180,glatt
145499,12,0,glatt
145552,12,180,glatt
145606,11,0,glatt
145659,11,180,glatt
145714,11,0,glatt
145767,10,180,glatt
145821,9,0,glatt
145874,9,180,glatt
145929,9,0,glatt
145982,8,178,glatt
146035,8,0,glatt
146088,7,164,glatt
146143,6,0,glatt
146196,6,141,glatt
146249,6,0,glatt
146302,5,99,glatt
146357,5,0,glatt
146410,7,101,welle
146464,8,0,glatt
146518,8,102,glatt
146571,9,0,glatt
146628,21,180,schlagloch
146682,20,0,glatt
146736,20,180,glatt
146790,20,0,glatt
146843,20,180,glatt
146896,9,0,schlagloch
146951,9,180,glatt
147005,10,0,glatt
147058,10,180,glatt
147112,11,0,glatt
147166,12,180,glatt
147220,12,0,glatt
147274,12,180,glatt
147328,12,0,glatt
147382,12,180,glatt
147435,11,0,glatt
147489,11,180,glatt
147543,11,0,glatt
147597,10,180,glatt
147651,10,0,glatt
147704,10,180,glatt
147758,9,0,glatt
147811,8,169,glatt
147865,7,0,glatt
147918,6,131,glatt
147972,6,0,glatt
148025,6,99,glatt
148079,5,0,glatt
148132,5,55,glatt
148186,5,0,glatt
148239,4,0,glatt
148292,4,0,glatt
148345,4,0,glatt
148399,4,0,glatt
148452,5,0,glatt
148509,18,180,schlagloch
148563,20,0,welle
148618,22,180,welle
148672,24,0,welle
148725,25,180,glatt
148779,12,0,schlagloch
148833,11,180,glatt
148886,10,0,glatt
148940,8,162,welle
148994,9,0,glatt
149048,9,171,glatt
149101,9,0,glatt
149155,9,179,glatt
149209,10,0,glatt
149263,10,180,glatt
149317,11,0,glatt
149370,11,180,glatt
149424,11,0,glatt
149478,10,180,glatt
149531,9,0,glatt
149584,8,164,glatt
149639,8,0,glatt
149692,7,136,glatt
149745,7,0,glatt
149799,7,113,glatt
149853,6,0,glatt
149906,6,75,glatt
149959,6,0,glatt
150013,6,37,glatt
150067,6,0,glatt
150120,6,0,glatt
150173,6,0,glatt
150226,6,0,glatt
150281,6,0,glatt
150334,7,0,glatt
150387,8,0,glatt
150441,9,11,glatt
150495,9,0,glatt
150549,10,34,glatt
150603,12,0,welle
150658,13,96,glatt
150711,14,0,glatt
150767,20,180,schlagloch
150822,26,0,schlagloch
150879,30,180,welle
150945,30,0,glatt
151013,30,180,glatt
151069,30,0,glatt
151136,30,180,glatt
151193,30,0,glatt
151261,30,180,glatt
151327,30,0,glatt
151395,30,180,glatt
151450,30,0,glatt
151506,30,180,glatt
151573,30,0,glatt
151628,30,180,glatt
151684,30,0,glatt
151740,30,180,glatt
151795,30,0,glatt
151851,30,180,glatt
151906,30,0,glatt
151962,30,180,glatt
152017,30,0,glatt
152073,30,180,glatt
152128,30,0,glatt
152183,30,180,glatt
152240,30,0,glatt
152295,30,180,glatt
152350,30,0,glatt
152406,30,180,glatt
152462,30,0,glatt
152517,30,180,glatt
152572,30,0,glatt
152628,30,180,glatt
152683,30,0,glatt